{"cameraMode":{"drawMode":0,"name":"Shaded","section":"Shading Mode"},"sceneLighting":true,"audioPlay":false,"sceneViewState":{"m_AlwaysRefresh":false,"showFog":true,"showSkybox":true,"showFlares":true,"showImageEffects":true,"showParticleSystems":true,"showVisualEffectGraphs":true,"m_FxEnabled":true},"in2DMode":false,"pivot":{"x":-0.31716060638427737,"y":22.485637664794923,"z":-187.0654754638672},"rotation":{"x":0.18326221406459809,"y":0.6617195010185242,"z":-0.17165417969226838,"w":0.7064785957336426},"size":60.330875396728519,"orthographic":false}